{"id":"D3Viz","components":[{"id":"lollipopChart","label":"LollipopChart"}],"js":[{"path":".skuidDist/lollipopChart.js","preprocess":true},{"referenceType":"external","url":"//d3js.org/d3.v4.js"},{"referenceType":"external","url":"//cdn.jsdelivr.net/gh/holtzy/D3-graph-gallery@master/LIB/d3-scale-radial.js"}],"__comment":"THIS IS A GENERATED FILE. IF USING THE BROWSER BASED SKUID EXTENSION EDITOR, MAKE CHANGES IN THE CORRESPONDING \"runtime.json\" MANIFEST.","apiName":"pack/D3Viz/.skuidDist/runtime","skuidApiVersion":"v2"}